{
"tagline": "Empower Your Career with Cutting-Edge AI Resume Building Features",
"list": [
  {
    "name": "AI-Powered Resume Structuring",
    "description": "Leverage advanced AI to automatically structure your resume based on industry standards and best practices."
  },
  {
    "name": "Professional Templates",
    "description": "Choose from a variety of professionally designed templates tailored to different industries and roles."
  },
  {
    "name": "Skill and Experience Parsing",
    "description": "Automatically extract and organize your skills and experiences to highlight your strengths effectively."
  },
  {
    "name": "Keyword Optimization",
    "description": "Ensure your resume is optimized with relevant keywords to pass through Applicant Tracking Systems (ATS)."
  },
  {
    "name": "Real-Time Feedback",
    "description": "Receive instant feedback and suggestions to improve the content and format of your resume."
  },
  {
    "name": "Customizable Sections",
    "description": "Easily add, remove, or reorder sections to fit your unique career path and achievements."
  },
  {
    "name": "Google Reviews Integration",
    "description": "Automatically incorporate testimonials from your business's Google reviews to enhance credibility."
  },
  {
    "name": "Data Privacy",
    "description": "Your data is securely stored and never shared without your consent, ensuring complete privacy."
  },
  {
    "name": "Download and Share",
    "description": "Download your resume in various formats or share it directly via a unique link."
  }
]
}