[
  {
    "amount": "30k",
    "currency": "USD",
    "duration": "month",
    "description": "Lorem Ipsum is simply dummy text of the printing and typesetting industry.",
    "benefits": [
      "Up to 20 users.",
      "Free storage upto 1GB",
      "Lifetime validity"
    ]
  },
  {
    "amount": "120k",
    "currency": "USD",
    "duration": "month",
    "description": "Lorem Ipsum is simply dummy text of the printing and typesetting industry.",
    "benefits": ["Up to 500 users.", "Storage upto 50GB", "24*7 support"]
  },
  {
    "amount": "350k",
    "currency": "USD",
    "duration": "month",
    "description": "Lorem Ipsum is simply dummy text of the printing and typesetting industry.",
    "benefits": [
      "Up to 1000 users.",
      "Storage upto 100GB",
      "24*7 support",
      "Data backups"
    ]
  }
]
